event_id,particle,Z,R_GV,layer_index,z_layer,x_true,y_true,x_meas,y_meas,t,pitch_deg
0,p,1,16.60934072833945,0,0.1,0.002675008803966976,0.12770825587636014,0.002712531363757299,0.1277552841121797,5.416080526479483e-10,51.943921987602614
0,p,1,16.60934072833945,1,0.23333333333333334,0.006241687209256276,0.29798593037817367,0.006144135449823584,0.29792082140283055,1.2637521228452127e-09,51.943921987602614
0,p,1,16.60934072833945,2,0.3666666666666667,0.009808365614545577,0.4682636048799872,0.00981475763470394,0.46824779275037004,1.985896193042477e-09,51.943921987602614
0,p,1,16.60934072833945,3,0.5,0.013375044019834878,0.6385412793818007,0.013374203961959662,0.638498627185422,2.7080402632397414e-09,51.943921987602614
0,p,1,16.60934072833945,4,0.6333333333333333,0.016941722425124178,0.8088189538836142,0.01698569232386732,0.8088578434803857,3.4301843334370056e-09,51.943921987602614
0,p,1,16.60934072833945,5,0.7666666666666666,0.020508400830413477,0.9790966283854277,0.020511702365291536,0.9791529904457761,4.1523284036342695e-09,51.943921987602614
0,p,1,16.60934072833945,6,0.9,0.02407507923570278,1.1493743028872412,0.02409845470281538,1.149331338264097,4.8744724738315346e-09,51.943921987602614
1,p,1,13.318771805237523,0,0.1,0.0013699065475090953,0.06540104676909787,0.001413829062574459,0.06539855047354856,3.9930548937552864e-10,33.190862805208766
1,p,1,13.318771805237523,1,0.23333333333333334,0.003196448610854556,0.15260244246122837,0.003187205492677293,0.15256839598400818,9.317128085429002e-10,33.190862805208766
1,p,1,13.318771805237523,2,0.3666666666666667,0.005022990674200017,0.23980383815335887,0.005084117741133719,0.23979611167925544,1.464120127710272e-09,33.190862805208766
1,p,1,13.318771805237523,3,0.5,0.006849532737545476,0.3270052338454893,0.006828116346437321,0.32698762716796487,1.996527446877643e-09,33.190862805208766
1,p,1,13.318771805237523,4,0.6333333333333333,0.008676074800890936,0.4142066295376198,0.008702690260168603,0.414224901740838,2.5289347660450144e-09,33.190862805208766
1,p,1,13.318771805237523,5,0.7666666666666666,0.010502616864236397,0.5014080252297503,0.010523253494816196,0.5014295662799007,3.061342085212386e-09,33.190862805208766
1,p,1,13.318771805237523,6,0.9,0.012329158927581858,0.5886094209218808,0.01243624130762538,0.5885891001710616,3.5937494043797577e-09,33.190862805208766
2,p,1,9.887380372072279,0,0.1,0.002368937738105677,0.11309604153994428,0.002399736709234452,0.11315249015458033,5.055427532225676e-10,48.52298530174345
2,p,1,9.887380372072279,1,0.23333333333333334,0.005527521388913246,0.2638907635932033,0.005521824016030502,0.2638487557693552,1.1795997575193243e-09,48.52298530174345
2,p,1,9.887380372072279,2,0.3666666666666667,0.008686105039720815,0.41468548564646235,0.008644880978936252,0.41471801528585356,1.853656761816081e-09,48.52298530174345
2,p,1,9.887380372072279,3,0.5,0.011844688690528384,0.5654802076997213,0.011881851399088556,0.5655073654131365,2.5277137661128378e-09,48.52298530174345
2,p,1,9.887380372072279,4,0.6333333333333333,0.01500327234133595,0.7162749297529803,0.014969996855971515,0.7162865378191337,3.201770770409594e-09,48.52298530174345
2,p,1,9.887380372072279,5,0.7666666666666666,0.018161855992143518,0.8670696518062393,0.018167690282600554,0.8670805862360758,3.8758277747063504e-09,48.52298530174345
2,p,1,9.887380372072279,6,0.9,0.02132043964295109,1.0178643738594984,0.021364011081848502,1.017875553636937,4.549884779003108e-09,48.52298530174345
3,p,1,7.998623037126625,0,0.1,0.0012270734649546223,0.058582017303690115,0.0012415294348891216,0.058613581714982044,3.8899021943843475e-10,30.368113487550275
3,p,1,7.998623037126625,1,0.23333333333333334,0.0028631714182274517,0.13669137370861023,0.0027903136272346683,0.13667539014779237,9.076438453563476e-10,30.368113487550275
3,p,1,7.998623037126625,2,0.3666666666666667,0.004499269371500281,0.2148007301135304,0.004475750738785642,0.21476878622111822,1.4262974712742606e-09,30.368113487550275
3,p,1,7.998623037126625,3,0.5,0.0061353673247731095,0.2929100865184505,0.0061216102122117755,0.2929848335840122,1.9449510971921734e-09,30.368113487550275
3,p,1,7.998623037126625,4,0.6333333333333333,0.0077714652780459395,0.37101944292337063,0.007728173722261277,0.3710678568411002,2.463604723110086e-09,30.368113487550275
3,p,1,7.998623037126625,5,0.7666666666666666,0.009407563231318769,0.44912879932829075,0.009323419742737978,0.44911205507679147,2.982258349027999e-09,30.368113487550275
3,p,1,7.998623037126625,6,0.9,0.011043661184591599,0.527238155733211,0.011051798837846849,0.527267466849779,3.500911974945912e-09,30.368113487550275
4,p,1,13.388107411181203,0,0.1,0.002108653090226343,0.10066972789089486,0.0020912168366139213,0.10064661030126162,4.741981957879423e-10,45.19750490313061
4,p,1,13.388107411181203,1,0.23333333333333334,0.004920190543861468,0.2348960317454213,0.004963089337924325,0.23488646652917725,1.106462456838532e-09,45.19750490313061
4,p,1,13.388107411181203,2,0.3666666666666667,0.007731727997496592,0.36912233559994784,0.007667943681329696,0.36906567123924766,1.7387267178891218e-09,45.19750490313061
4,p,1,13.388107411181203,3,0.5,0.010543265451131715,0.5033486394544743,0.010497292836831634,0.5033734974916769,2.3709909789397113e-09,45.19750490313061
4,p,1,13.388107411181203,4,0.6333333333333333,0.013354802904766839,0.6375749433090007,0.013361924191570366,0.637609467576704,3.0032552399903006e-09,45.19750490313061
4,p,1,13.388107411181203,5,0.7666666666666666,0.016166340358401966,0.7718012471635272,0.016144977726085138,0.771809174148081,3.6355195010408907e-09,45.19750490313061
4,p,1,13.388107411181203,6,0.9,0.01897787781203709,0.9060275510180537,0.019009157331735457,0.9060120836910677,4.267783762091481e-09,45.19750490313061
5,p,1,17.21030576999052,0,0.1,0.0016567611339063472,0.0790958424141069,0.0016386084415780937,0.07907675551940699,4.2566578052834534e-10,38.3486459953852
5,p,1,17.21030576999052,1,0.23333333333333334,0.0038657759791148097,0.18455696563291607,0.003805983996835358,0.18458131425695534,9.93220154566139e-10,38.3486459953852
5,p,1,17.21030576999052,2,0.3666666666666667,0.006074790824323273,0.2900180888517253,0.006051320707313137,0.2900187135576617,1.5607745286039328e-09,38.3486459953852
5,p,1,17.21030576999052,3,0.5,0.008283805669531736,0.3954792120705345,0.008307843002477031,0.395501538629336,2.1283289026417265e-09,38.3486459953852
5,p,1,17.21030576999052,4,0.6333333333333333,0.010492820514740198,0.5009403352893437,0.010526089770188837,0.5009354110151182,2.69588327667952e-09,38.3486459953852
5,p,1,17.21030576999052,5,0.7666666666666666,0.01270183535994866,0.6064014585081527,0.012680670444346452,0.6063974725976075,3.2634376507173134e-09,38.3486459953852
5,p,1,17.21030576999052,6,0.9,0.014910850205157122,0.711862581726962,0.01482648348345922,0.7117902261033409,3.8309920247551074e-09,38.3486459953852
6,p,1,6.77008853180773,0,0.1,0.00993313076146788,0.4742200485686871,0.009953119472804053,0.4741747746159191,1.6312801497756916e-09,78.09488322747572
6,p,1,6.77008853180773,1,0.23333333333333334,0.02317730511009172,1.10651344666027,0.02315839698238975,1.1065784080751593,3.806320349476614e-09,78.09488322747572
6,p,1,6.77008853180773,2,0.3666666666666667,0.036421479458715565,1.7388068447518528,0.0364036662601625,1.738843720530276,5.981360549177537e-09,78.09488322747572
6,p,1,6.77008853180773,3,0.5,0.0496656538073394,2.3711002428434353,0.04961897292333891,2.3710899709655417,8.156400748878459e-09,78.09488322747572
6,p,1,6.77008853180773,4,0.6333333333333333,0.06290982815596324,3.0033936409350184,0.06286232705321772,3.0033766892812235,1.0331440948579381e-08,78.09488322747572
6,p,1,6.77008853180773,5,0.7666666666666666,0.0876469091575833,3.6353258730949083,0.08768892456445618,3.6352395070737487,1.2506481148280301e-08,78.09488322747572
6,p,1,6.77008853180773,6,0.9,0.11412944894689615,4.2672032540088685,0.11415117012907344,4.267215140788985,1.4681521347981225e-08,78.09488322747572
7,p,1,7.651591744088476,0,0.1,0.006778015893822444,0.3235909305489521,0.006781622369208137,0.3235644559134989,1.1376516003773213e-09,72.83071420461877
7,p,1,7.651591744088476,1,0.23333333333333334,0.015815370418919037,0.7550455046142215,0.015827004229486772,0.7550465972214977,2.654520400880416e-09,72.83071420461877
7,p,1,7.651591744088476,2,0.3666666666666667,0.02485272494401563,1.186500078679491,0.024932813888581675,1.1864881108981173,4.1713892013835114e-09,72.83071420461877
7,p,1,7.651591744088476,3,0.5,0.03389007946911222,1.6179546527447604,0.03383890459448113,1.617963616526508,5.688258001886606e-09,72.83071420461877
7,p,1,7.651591744088476,4,0.6333333333333333,0.042927433994208807,2.0494092268100297,0.042938433828407396,2.0494771861887915,7.2051268023897005e-09,72.83071420461877
7,p,1,7.651591744088476,5,0.7666666666666666,0.0519647885193054,2.4808638008752992,0.05200654408160113,2.4808816444282566,8.721995602892795e-09,72.83071420461877
7,p,1,7.651591744088476,6,0.9,0.06100214304440199,2.9123183749405683,0.06107530818896297,2.912258936787852,1.023886440339589e-08,72.83071420461877
8,p,1,7.558894528053291,0,0.1,0.008562035123490895,0.40876223313792776,0.008542544633333107,0.40869339883054995,1.413779481356926e-09,76.25600591883986
8,p,1,7.558894528053291,1,0.23333333333333334,0.01997808195481209,0.9537785439884982,0.02000983950215281,0.9537674328536432,3.2988187898328274e-09,76.25600591883986
8,p,1,7.558894528053291,2,0.3666666666666667,0.031394128786133284,1.4987948548390686,0.03132058847140815,1.4987440758850081,5.183858098308729e-09,76.25600591883986
8,p,1,7.558894528053291,3,0.5,0.042810175617454475,2.0438111656896387,0.04282585130982699,2.0438530720180332,7.0688974067846295e-09,76.25600591883986
8,p,1,7.558894528053291,4,0.6333333333333333,0.05422622244877566,2.588827476540209,0.05432605899336025,2.588973169663509,8.95393671526053e-09,76.25600591883986
8,p,1,7.558894528053291,5,0.7666666666666666,0.06564226928009685,3.1338437873907794,0.06566298975176064,3.133794310484778,1.0838976023736432e-08,76.25600591883986
8,p,1,7.558894528053291,6,0.9,0.08245046855422797,3.6786906492220868,0.0823438662401914,3.678704034795204,1.2724015332212334e-08,76.25600591883986
9,p,1,9.973534960138283,0,0.1,0.0031086611269212417,0.14841135851254314,0.0030780562869682513,0.14840431896822232,5.992506489984153e-10,56.03362012357689
9,p,1,9.973534960138283,1,0.23333333333333334,0.007253542629482898,0.34629316986260067,0.00730684164102228,0.3463010222909729,1.3982515143296357e-09,56.03362012357689
9,p,1,9.973534960138283,2,0.3666666666666667,0.011398424132044555,0.5441749812126582,0.01139049239019262,0.5441231985250169,2.1972523796608562e-09,56.03362012357689
9,p,1,9.973534960138283,3,0.5,0.015543305634606208,0.7420567925627156,0.01545957148737099,0.742032477167262,2.996253244992076e-09,56.03362012357689
9,p,1,9.973534960138283,4,0.6333333333333333,0.019688187137167863,0.9399386039127731,0.019685498009626948,0.9400270004084521,3.795254110323296e-09,56.03362012357689
9,p,1,9.973534960138283,5,0.7666666666666666,0.02383306863972952,1.1378204152628306,0.023839582365803164,1.1378695522383817,4.594254975654516e-09,56.03362012357689
9,p,1,9.973534960138283,6,0.9,0.027977950142291177,1.3357022266128882,0.027952985362364218,1.3356429794245672,5.393255840985737e-09,56.03362012357689
10,p,1,5.561188342642697,0,0.1,0.0033181046958090147,0.15841045565477005,0.0034245281824307728,0.15836938632080882,6.333698981187035e-10,57.74262346957417
10,p,1,5.561188342642697,1,0.23333333333333334,0.007742244290221034,0.3696243965277968,0.0077841687504078515,0.3695792501688924,1.477863095610308e-09,57.74262346957417
10,p,1,5.561188342642697,2,0.3666666666666667,0.012166383884633055,0.5808383374008236,0.012212962535276768,0.5808575849491289,2.322356293101913e-09,57.74262346957417
10,p,1,5.561188342642697,3,0.5,0.016590523479045074,0.7920522782738502,0.01658269158416217,0.7920502401475434,3.166849490593517e-09,57.74262346957417
10,p,1,5.561188342642697,4,0.6333333333333333,0.02101466307345709,1.0032662191468769,0.020981923688685622,1.003288522756951,4.011342688085121e-09,57.74262346957417
10,p,1,5.561188342642697,5,0.7666666666666666,0.02543880266786911,1.2144801600199036,0.02541605349385207,1.2144188797317153,4.855835885576726e-09,57.74262346957417
10,p,1,5.561188342642697,6,0.9,0.029862942262281134,1.4256941008929305,0.029799045383565155,1.4257027302888166,5.700329083068331e-09,57.74262346957417
11,p,1,16.229120291854237,0,0.1,0.007571646762117644,0.361479857811291,0.00756571484581215,0.3614941491182711,1.2525324866376288e-09,74.53962454392624
11,p,1,16.229120291854237,1,0.23333333333333334,0.0176671757782745,0.843453001559679,0.01773247586535984,0.8434639706847471,2.9225758021544667e-09,74.53962454392624
11,p,1,16.229120291854237,2,0.3666666666666667,0.02776270479443136,1.325426145308067,0.027742158432889675,1.3254814597435698,4.5926191176713054e-09,74.53962454392624
11,p,1,16.229120291854237,3,0.5,0.03785823381058822,1.807399289056455,0.0378796716325113,1.8074760768560547,6.262662433188143e-09,74.53962454392624
11,p,1,16.229120291854237,4,0.6333333333333333,0.04795376282674507,2.289372432804843,0.047962924548606164,2.2893112093532566,7.932705748704981e-09,74.53962454392624
11,p,1,16.229120291854237,5,0.7666666666666666,0.058049291842901925,2.77134557655323,0.05798088388293964,2.7714281229498416,9.602749064221819e-09,74.53962454392624
11,p,1,16.229120291854237,6,0.9,0.06814482085905879,3.253318720301619,0.06823100414509796,3.253309744340955,1.1272792379738659e-08,74.53962454392624
12,p,1,7.6890246223660865,0,0.1,0.003622693361992436,0.1729518983821009,0.003567341077890262,0.1729071620311531,6.709860191566072e-10,59.969139576042174
12,p,1,7.6890246223660865,1,0.23333333333333334,0.008452951177982351,0.40355442955823545,0.008485117517716804,0.40353469930209246,1.5656340446987502e-09,59.969139576042174
12,p,1,7.6890246223660865,2,0.3666666666666667,0.013283208993972267,0.63415696073437,0.013282952900636262,0.6341487885894438,2.4602820702408932e-09,59.969139576042174
12,p,1,7.6890246223660865,3,0.5,0.018113466809962182,0.8647594919105045,0.01813034553740213,0.8648298660035701,3.3549300957830363e-09,59.969139576042174
12,p,1,7.6890246223660865,4,0.6333333333333333,0.022943724625952094,1.095362023086639,0.022948253871297182,1.095394220026303,4.249578121325179e-09,59.969139576042174
12,p,1,7.6890246223660865,5,0.7666666666666666,0.027773982441942006,1.3259645542627734,0.027671473836890455,1.3259621183426769,5.144226146867321e-09,59.969139576042174
12,p,1,7.6890246223660865,6,0.9,0.032604240257931925,1.5565670854389082,0.03256207874441728,1.556506144785887,6.038874172409465e-09,59.969139576042174
13,p,1,7.996634774900864,0,0.1,0.005818752223682267,0.27779448679239893,0.005864547350800068,0.27772816715651194,9.910946674367888e-10,70.20622630911313
13,p,1,7.996634774900864,1,0.23333333333333334,0.013577088521925287,0.6481871358489307,0.013578620096555008,0.648162927377264,2.3125542240191734e-09,70.20622630911313
13,p,1,7.996634774900864,2,0.3666666666666667,0.02133542482016831,1.0185797849054627,0.021319041165450213,1.018629922796728,3.6340137806015582e-09,70.20622630911313
13,p,1,7.996634774900864,3,0.5,0.029093761118411332,1.3889724339619944,0.029120666890261528,1.3890393038673665,4.955473337183943e-09,70.20622630911313
13,p,1,7.996634774900864,4,0.6333333333333333,0.03685209741665435,1.7593650830185261,0.03684437213269186,1.7593302858879425,6.276932893766327e-09,70.20622630911313
13,p,1,7.996634774900864,5,0.7666666666666666,0.04461043371489737,2.129757732075058,0.04459924077405334,2.1297698569146215,7.598392450348711e-09,70.20622630911313
13,p,1,7.996634774900864,6,0.9,0.0523687700131404,2.5001503811315904,0.052377598681063085,2.5000961617279787,8.919852006931098e-09,70.20622630911313
14,p,1,7.10509395595869,0,0.1,0.0025819959771320004,0.12326770754186157,0.0027078696790086964,0.12336154977242565,5.337610924895979e-10,50.95571596581519
14,p,1,7.10509395595869,1,0.23333333333333334,0.006024657279974668,0.2876246509310103,0.005981995112446727,0.28761028176293285,1.245442549142395e-09,50.95571596581519
14,p,1,7.10509395595869,2,0.3666666666666667,0.009467318582817335,0.4519815943201591,0.009394146482725485,0.45195205896946095,1.9571240057951922e-09,50.95571596581519
14,p,1,7.10509395595869,3,0.5,0.012909979885660002,0.6163385377093078,0.01292576013583952,0.6163988303903523,2.6688054624479894e-09,50.95571596581519
14,p,1,7.10509395595869,4,0.6333333333333333,0.01635264118850267,0.7806954810984565,0.016316186996615488,0.7806627737764531,3.380486919100786e-09,50.95571596581519
14,p,1,7.10509395595869,5,0.7666666666666666,0.019795302491345333,0.9450524244876053,0.0196879380398584,0.9450442911915781,4.092168375753583e-09,50.95571596581519
14,p,1,7.10509395595869,6,0.9,0.023237963794188004,1.1094093678767543,0.023184843073595026,1.109382895905386,4.803849832406381e-09,50.95571596581519
15,p,1,10.612760651107742,0,0.1,0.002613394619837546,0.12476671789684196,0.0026086814921249184,0.12467883147727413,5.351370977127328e-10,51.294104318675494
15,p,1,10.612760651107742,1,0.23333333333333334,0.00609792077962094,0.2911223417592979,0.00602456851735139,0.2912288041148993,1.2486532279963762e-09,51.294104318675494
15,p,1,10.612760651107742,2,0.3666666666666667,0.009582446939404335,0.45747796562175386,0.009518075810340634,0.4574231263428311,1.96216935828002e-09,51.294104318675494
15,p,1,10.612760651107742,3,0.5,0.013066973099187728,0.6238335894842097,0.013158818775603794,0.6239788428426718,2.675685488563663e-09,51.294104318675494
15,p,1,10.612760651107742,4,0.6333333333333333,0.01655149925897112,0.7901892133466656,0.016492920927529853,0.7901708008988262,3.3892016188473065e-09,51.294104318675494
15,p,1,10.612760651107742,5,0.7666666666666666,0.020036025418754516,0.9565448372091215,0.02005310319630154,0.9566312720913418,4.10271774913095e-09,51.294104318675494
15,p,1,10.612760651107742,6,0.9,0.02352055157853791,1.1229004610715774,0.023471208724616496,1.1228881971792803,4.816233879414594e-09,51.294104318675494
16,p,1,18.814557087311755,0,0.1,0.0016524831300523742,0.0788916051757049,0.0016336753264908693,0.0788849140274791,4.251401218180037e-10,38.27658613676391
16,p,1,18.814557087311755,1,0.23333333333333334,0.0038557939701222067,0.18408041207664477,0.0037870491797037074,0.18406850338944605,9.91993617575342e-10,38.27658613676391
16,p,1,18.814557087311755,2,0.3666666666666667,0.006059104810192039,0.2892692189775847,0.006045785435691592,0.28928082747206596,1.5588471133326803e-09,38.27658613676391
16,p,1,18.814557087311755,3,0.5,0.00826241565026187,0.39445802587852447,0.00823464928932092,0.3944816028046517,2.1257006090900184e-09,38.27658613676391
16,p,1,18.814557087311755,4,0.6333333333333333,0.010465726490331702,0.4996468327794643,0.010516362281222694,0.49965460424584773,2.6925541048473564e-09,38.27658613676391
16,p,1,18.814557087311755,5,0.7666666666666666,0.012669037330401534,0.6048356396804042,0.012686625150821494,0.6048382974477831,3.2594076006046948e-09,38.27658613676391
16,p,1,18.814557087311755,6,0.9,0.014872348170471367,0.7100244465813441,0.014872352390125937,0.709988368679667,3.8262610963620335e-09,38.27658613676391
17,p,1,5.652125930191879,0,0.1,0.0017003605771295515,0.08117733419946423,0.0018410647702927908,0.08128199261491076,4.3525084198409774e-10,39.074920479826204
17,p,1,5.652125930191879,1,0.23333333333333334,0.003967508013302286,0.18941377979874985,0.0040461757584260485,0.18943307212637767,1.0155852979628946e-09,39.074920479826204
17,p,1,5.652125930191879,2,0.3666666666666667,0.006234655449475022,0.2976502253980355,0.006196502588990283,0.29759460482443634,1.5959197539416917e-09,39.074920479826204
17,p,1,5.652125930191879,3,0.5,0.008501802885647756,0.40588667099732106,0.008561360033302198,0.4058998084585784,2.1762542099204887e-09,39.074920479826204
17,p,1,5.652125930191879,4,0.6333333333333333,0.010768950321820491,0.5141231165966067,0.010792957491990073,0.514035887297258,2.7565886658992856e-09,39.074920479826204
17,p,1,5.652125930191879,5,0.7666666666666666,0.013036097757993225,0.6223595621958923,0.013082469682071135,0.622382283212803,3.336923121878082e-09,39.074920479826204
17,p,1,5.652125930191879,6,0.9,0.015303245194165963,0.730596007795178,0.015247723659945239,0.7305724315548054,3.917257577856879e-09,39.074920479826204
18,p,1,16.692163111569933,0,0.1,0.0039592270821696115,0.18901843782065322,0.003944618522879434,0.18901326340724992,7.140508620058522e-10,62.124163799777385
18,p,1,16.692163111569933,1,0.23333333333333334,0.009238196525062426,0.44104302158152414,0.009225597656152083,0.44105064970712926,1.666118678013655e-09,62.124163799777385
18,p,1,16.692163111569933,2,0.3666666666666667,0.01451716596795524,0.6930676053423951,0.014590740566604898,0.6929392724203485,2.618186494021458e-09,62.124163799777385
18,p,1,16.692163111569933,3,0.5,0.019796135410848053,0.945092189103266,0.01978429289762257,0.9451010147243346,3.5702543100292604e-09,62.124163799777385
18,p,1,16.692163111569933,4,0.6333333333333333,0.02507510485374087,1.197116772864137,0.025089904553225226,1.1970981771350708,4.522322126037063e-09,62.124163799777385
18,p,1,16.692163111569933,5,0.7666666666666666,0.03035407429663368,1.4491413566250078,0.030266238207509753,1.4491577563991935,5.474389942044865e-09,62.124163799777385
18,p,1,16.692163111569933,6,0.9,0.0356330437395265,1.7011659403858788,0.03571941125023471,1.701089247315633,6.426457758052669e-09,62.124163799777385
19,p,1,10.495886747393712,0,0.1,0.002197152852093023,0.10489481687628661,0.0021940866348015803,0.10484217195075142,4.850616232171305e-10,46.37477822062728
19,p,1,10.495886747393712,1,0.23333333333333334,0.005126689988217053,0.2447545727113354,0.005109967179599259,0.24481957494107037,1.1318104541733042e-09,46.37477822062728
19,p,1,10.495886747393712,2,0.3666666666666667,0.008056227124341083,0.3846143285463843,0.008085359886440468,0.3847009441266548,1.7785592851294783e-09,46.37477822062728
19,p,1,10.495886747393712,3,0.5,0.010985764260465113,0.5244740843814331,0.011044634854913998,0.5244960387153795,2.425308116085652e-09,46.37477822062728
19,p,1,10.495886747393712,4,0.6333333333333333,0.013915301396589143,0.6643338402164818,0.014002498122897533,0.6643557898744187,3.0720569470418256e-09,46.37477822062728
19,p,1,10.495886747393712,5,0.7666666666666666,0.016844838532713173,0.8041935960515306,0.016886237941553025,0.8041787675038539,3.7188057779979993e-09,46.37477822062728
19,p,1,10.495886747393712,6,0.9,0.0197743756688372,0.9440533518865795,0.01977770295963016,0.9440184806954145,4.365554608954173e-09,46.37477822062728
20,p,1,16.023397434654363,0,0.1,0.0017647151293222205,0.08424970076739552,0.0018038326464431035,0.08424016821452027,4.3665093459120524e-10,40.120229656285915
20,p,1,16.023397434654363,1,0.23333333333333334,0.004117668635085181,0.19658263512392288,0.004176230989758547,0.19662017857335945,1.0188521807128122e-09,40.120229656285915
20,p,1,16.023397434654363,2,0.3666666666666667,0.006470622140848143,0.3089155694804503,0.0065616544487304826,0.30895210821500724,1.6010534268344194e-09,40.120229656285915
20,p,1,16.023397434654363,3,0.5,0.008823575646611103,0.4212485038369776,0.00874497363382844,0.4212451561783327,2.1832546729560265e-09,40.120229656285915
20,p,1,16.023397434654363,4,0.6333333333333333,0.011176529152374064,0.5335814381935049,0.011117928792744322,0.5335555242013866,2.7654559190776333e-09,40.120229656285915
20,p,1,16.023397434654363,5,0.7666666666666666,0.013529482658137025,0.6459143725500323,0.01360504407980086,0.6459462492405771,3.34765716519924e-09,40.120229656285915
20,p,1,16.023397434654363,6,0.9,0.015882436163899987,0.7582473069065597,0.01584748964247105,0.7581966210382377,3.9298584113208474e-09,40.120229656285915
21,p,1,8.800750307587808,0,0.1,0.0035557259514053734,0.16975479069634405,0.0035221689375355444,0.16977039116992163,6.605610161797045e-10,59.50379476791546
21,p,1,8.800750307587808,1,0.23333333333333334,0.008296693886612538,0.39609451162480275,0.008354459488417872,0.396124949698414,1.5413090377526437e-09,59.50379476791546
21,p,1,8.800750307587808,2,0.3666666666666667,0.013037661821819702,0.6224342325532615,0.012923097346389797,0.6224494508897129,2.422057059325583e-09,59.50379476791546
21,p,1,8.800750307587808,3,0.5,0.017778629757026865,0.8487739534817201,0.017782231435688495,0.8487946479959888,3.302805080898522e-09,59.50379476791546
21,p,1,8.800750307587808,4,0.6333333333333333,0.02251959769223403,1.0751136744101788,0.02260040817631659,1.0750105124963385,4.183553102471461e-09,59.50379476791546
21,p,1,8.800750307587808,5,0.7666666666666666,0.02726056562744119,1.3014533953386376,0.027231010456181634,1.3014829406547772,5.064301124044401e-09,59.50379476791546
21,p,1,8.800750307587808,6,0.9,0.03200153356264836,1.5277931162670964,0.03192245384267566,1.5278669137194991,5.94504914561734e-09,59.50379476791546
22,p,1,14.867949275607918,0,0.1,0.0025796667253391334,0.12315650615683332,0.0025511195422630436,0.12319719434133164,5.299311882133538e-10,50.93041503951898
22,p,1,14.867949275607918,1,0.23333333333333334,0.0060192223591246435,0.28736518103261105,0.006072645936924095,0.28737682493361794,1.2365061058311588e-09,50.93041503951898
22,p,1,14.867949275607918,2,0.3666666666666667,0.009458777992910155,0.45157385590838883,0.00947049803754509,0.4515873730703529,1.9430810234489638e-09,50.93041503951898
22,p,1,14.867949275607918,3,0.5,0.012898333626695666,0.6157825307841666,0.012855166363458697,0.6157751543501545,2.6496559410667688e-09,50.93041503951898
22,p,1,14.867949275607918,4,0.6333333333333333,0.016337889260481173,0.7799912056599442,0.016330263133858554,0.7800103753531619,3.3562308586845733e-09,50.93041503951898
22,p,1,14.867949275607918,5,0.7666666666666666,0.019777444894266683,0.9441998805357219,0.0198274361066122,0.9441469537316229,4.062805776302378e-09,50.93041503951898
22,p,1,14.867949275607918,6,0.9,0.023217000528052197,1.1084085554114997,0.023210750076536217,1.1084826281888827,4.769380693920184e-09,50.93041503951898
23,p,1,13.294895978793498,0,0.1,0.008933428664288345,0.42649302388099014,0.008943543973879906,0.4265352431405144,1.4641352208639956e-09,76.8069993419231
23,p,1,13.294895978793498,1,0.23333333333333334,0.020844666883339472,0.9951503890556437,0.020845238186117505,0.9952168370851655,3.416315515349323e-09,76.8069993419231
23,p,1,13.294895978793498,2,0.3666666666666667,0.032755905102390605,1.5638077542302975,0.03279874480151893,1.563849845233642,5.368495809834651e-09,76.8069993419231
23,p,1,13.294895978793498,3,0.5,0.04466714332144172,2.1324651194049506,0.044694849146507926,2.132581502059968,7.320676104319976e-09,76.8069993419231
23,p,1,13.294895978793498,4,0.6333333333333333,0.05657838154049284,2.701122484579604,0.056568123456049536,2.7010223084650007,9.272856398805303e-09,76.8069993419231
23,p,1,13.294895978793498,5,0.7666666666666666,0.06848961975954397,3.2697798497542574,0.06856983247761983,3.2697569647827094,1.122503669329063e-08,76.8069993419231
23,p,1,13.294895978793498,6,0.9,0.0804008579785951,3.8384372149289114,0.08040625200081225,3.8385026924631545,1.317721698777596e-08,76.8069993419231
24,p,1,17.380992667944817,0,0.1,0.0020772709814090608,0.09917150688435691,0.001997207084553118,0.09913180006985564,4.701904705684675e-10,44.767951267204495
24,p,1,17.380992667944817,1,0.23333333333333334,0.004846965623287809,0.23140018273016613,0.004868947453588659,0.23142639212230676,1.097111097993091e-09,44.767951267204495
24,p,1,17.380992667944817,2,0.3666666666666667,0.007616660265166558,0.3636288585759754,0.007630473974132986,0.36355822028178075,1.7240317254177144e-09,44.767951267204495
24,p,1,17.380992667944817,3,0.5,0.010386354907045304,0.49585753442178454,0.010270849735213671,0.49586025210105406,2.3509523528423377e-09,44.767951267204495
24,p,1,17.380992667944817,4,0.6333333333333333,0.013156049548924052,0.6280862102675937,0.013132460747242135,0.6281091795561795,2.9778729802669608e-09,44.767951267204495
24,p,1,17.380992667944817,5,0.7666666666666666,0.0159257441908028,0.7603148861134029,0.015960841872113864,0.7603217981850059,3.6047936076915842e-09,44.767951267204495
24,p,1,17.380992667944817,6,0.9,0.018695438832681547,0.8925435619592121,0.01873344548695034,0.8925550225279179,4.231714235116208e-09,44.767951267204495
25,p,1,5.434992548067042,0,0.1,0.001888336963090694,0.09015156126048868,0.001879356392399121,0.09016140006532153,4.5547562140936433e-10,42.04140290205736
25,p,1,5.434992548067042,1,0.23333333333333334,0.004406119580544952,0.21035364294114023,0.004447146004315824,0.210333955882529,1.0627764499551834e-09,42.04140290205736
25,p,1,5.434992548067042,2,0.3666666666666667,0.006923902197999211,0.3305557246217918,0.006949960560785816,0.330542432682196,1.6700772785010023e-09,42.04140290205736
25,p,1,5.434992548067042,3,0.5,0.00944168481545347,0.45075780630244333,0.009435807707087063,0.4507992822545445,2.2773781070468216e-09,42.04140290205736
25,p,1,5.434992548067042,4,0.6333333333333333,0.011959467432907727,0.5709598879830948,0.011859814414355019,0.5708950643666911,2.88467893559264e-09,42.04140290205736
25,p,1,5.434992548067042,5,0.7666666666666666,0.014477250050361984,0.6911619696637463,0.014403140780489843,0.691045288857754,3.491979764138459e-09,42.04140290205736
25,p,1,5.434992548067042,6,0.9,0.016995032667816247,0.811364051344398,0.016961119445808488,0.8114015230393844,4.099280592684279e-09,42.04140290205736
26,p,1,18.91693145258421,0,0.1,0.00534516872609373,0.25518502008740446,0.00539962960092927,0.25525140439401783,9.148942761160832e-10,68.60541995521902
26,p,1,18.91693145258421,1,0.23333333333333334,0.01247206036088537,0.5954317135372771,0.012468603464149063,0.5954993928317556,2.1347533109375277e-09,68.60541995521902
26,p,1,18.91693145258421,2,0.3666666666666667,0.01959895199567701,0.9356784069871497,0.019603558328598714,0.9356365370759583,3.354612345758972e-09,68.60541995521902
26,p,1,18.91693145258421,3,0.5,0.02672584363046865,1.2759251004370222,0.02669612361285871,1.275851073611394,4.5744713805804154e-09,68.60541995521902
26,p,1,18.91693145258421,4,0.6333333333333333,0.03385273526526029,1.6161717938868947,0.033808328572573605,1.616153893052491,5.79433041540186e-09,68.60541995521902
26,p,1,18.91693145258421,5,0.7666666666666666,0.04097962690005193,1.9564184873367672,0.041019806151020854,1.9565045258283253,7.014189450223304e-09,68.60541995521902
26,p,1,18.91693145258421,6,0.9,0.048106518534843566,2.29666518078664,0.04803740945907471,2.296684822160053,8.234048485044748e-09,68.60541995521902
27,p,1,14.244634548912993,0,0.1,0.0013145604091635017,0.06275875311117583,0.0013080060766291154,0.06266720781988346,3.9441759706848724e-10,32.11752757900835
27,p,1,14.244634548912993,1,0.23333333333333334,0.003067307621381504,0.14643709059274362,0.0031137224709599284,0.14640684055710318,9.203077264931369e-10,32.11752757900835
27,p,1,14.244634548912993,2,0.3666666666666667,0.004820054833599506,0.2301154280743114,0.004793359821680828,0.23006194045374692,1.4461978559177866e-09,32.11752757900835
27,p,1,14.244634548912993,3,0.5,0.006572802045817509,0.3137937655558792,0.006540087881983131,0.31381516007791393,1.9720879853424362e-09,32.11752757900835
27,p,1,14.244634548912993,4,0.6333333333333333,0.00832554925803551,0.39747210303744696,0.00831608704098869,0.3974885361375611,2.497978114767086e-09,32.11752757900835
27,p,1,14.244634548912993,5,0.7666666666666666,0.010078296470253514,0.48115044051901473,0.010096392562949957,0.48121647360179115,3.0238682441917355e-09,32.11752757900835
27,p,1,14.244634548912993,6,0.9,0.011831043682471516,0.5648287780005825,0.011813904374928297,0.5647549351097402,3.549758373616385e-09,32.11752757900835
28,p,1,15.496639168835992,0,0.1,0.004016289977357393,0.19174269159091378,0.004072019599586262,0.1917618604465729,7.222871622349059e-10,62.461657762265446
28,p,1,15.496639168835992,1,0.23333333333333334,0.009371343280500584,0.44739961371213205,0.009364786403990416,0.4474170525068344,1.6853367118814468e-09,62.461657762265446
28,p,1,15.496639168835992,2,0.3666666666666667,0.014726396583643777,0.7030565358333505,0.014823947211650092,0.7031603848598031,2.6483862615279884e-09,62.461657762265446
28,p,1,15.496639168835992,3,0.5,0.020081449886786968,0.9587134579545689,0.020084918943543608,0.9587214674842347,3.6114358111745293e-09,62.461657762265446
28,p,1,15.496639168835992,4,0.6333333333333333,0.025436503189930154,1.214370380075787,0.025490315197803474,1.2143280970241486,4.57448536082107e-09,62.461657762265446
28,p,1,15.496639168835992,5,0.7666666666666666,0.030791556493073344,1.4700273021970054,0.030808210011704258,1.4700260090546078,5.537534910467611e-09,62.461657762265446
28,p,1,15.496639168835992,6,0.9,0.03614660979621654,1.725684224318224,0.03616230520678942,1.7256425558779265,6.500584460114153e-09,62.461657762265446
29,p,1,8.264427900454429,0,0.1,0.003543201232694846,0.16915684500753314,0.0034873320270453656,0.16913391124328617,6.593301759440388e-10,59.41531242045041
29,p,1,8.264427900454429,1,0.23333333333333334,0.00826746954295464,0.39469930501757733,0.008252809963622203,0.3947961665756988,1.5384370772027572e-09,59.41531242045041
29,p,1,8.264427900454429,2,0.3666666666666667,0.012991737853214436,0.6202417650276215,0.013047037521709801,0.6201936604718045,2.4175439784614758e-09,59.41531242045041
29,p,1,8.264427900454429,3,0.5,0.01771600616347423,0.8457842250376657,0.017733391586096776,0.8457638711258482,3.2966508797201937e-09,59.41531242045041
29,p,1,8.264427900454429,4,0.6333333333333333,0.02244027447373402,1.0713266850477097,0.022426056281832016,1.0713359513301803,4.175757780978912e-09,59.41531242045041
29,p,1,8.264427900454429,5,0.7666666666666666,0.027164542783993814,1.2968691450577539,0.027195501339842585,1.2968521821335597,5.05486468223763e-09,59.41531242045041
29,p,1,8.264427900454429,6,0.9,0.03188881109425361,1.522411605067798,0.031942003670890326,1.5223545081564909,5.9339715834963485e-09,59.41531242045041
30,p,1,14.390187214115857,0,0.1,0.0023284910833630845,0.11116506780798886,0.002339645070494348,0.11123672853331917,4.995349730703988e-10,48.032866722512715
30,p,1,14.390187214115857,1,0.23333333333333334,0.005433145861180531,0.25938515821864067,0.005437721870089191,0.2594141970734072,1.1655816038309306e-09,48.032866722512715
30,p,1,14.390187214115857,2,0.3666666666666667,0.008537800638997978,0.4076052486292925,0.008534961479278343,0.4075967282502343,1.8316282345914624e-09,48.032866722512715
30,p,1,14.390187214115857,3,0.5,0.011642455416815424,0.5558253390399442,0.011603481296979152,0.5558468541078921,2.497674865351994e-09,48.032866722512715
30,p,1,14.390187214115857,4,0.6333333333333333,0.01474711019463287,0.7040454294505961,0.01470453333517358,0.7040787087124117,3.1637214961125257e-09,48.032866722512715
30,p,1,14.390187214115857,5,0.7666666666666666,0.017851764972450314,0.8522655198612478,0.017906029322672608,0.8522838464316096,3.829768126873057e-09,48.032866722512715
30,p,1,14.390187214115857,6,0.9,0.020956419750267765,1.0004856102718998,0.020942107313589982,1.0005083085508653,4.49581475763359e-09,48.032866722512715
31,p,1,7.594916677873907,0,0.1,0.0021455716124490136,0.10243226417698029,0.0020540013082382576,0.10241548380857435,4.808533744191639e-10,45.69466849009946
31,p,1,7.594916677873907,1,0.23333333333333334,0.0050063337623810315,0.23900861641295398,0.004906793162624832,0.23893386337144262,1.121991206978049e-09,45.69466849009946
31,p,1,7.594916677873907,2,0.3666666666666667,0.007867095912313049,0.3755849686489277,0.007935289023803745,0.3756297278980263,1.7631290395369341e-09,45.69466849009946
31,p,1,7.594916677873907,3,0.5,0.010727858062245067,0.5121613208849014,0.010691884050580826,0.5120861957120993,2.404266872095819e-09,45.69466849009946
31,p,1,7.594916677873907,4,0.6333333333333333,0.013588620212177084,0.648737673120875,0.013440393770285,0.6487104983454784,3.0454047046547042e-09,45.69466849009946
31,p,1,7.594916677873907,5,0.7666666666666666,0.0164493823621091,0.7853140253568488,0.016570403112721472,0.785335769570422,3.6865425372135893e-09,45.69466849009946
31,p,1,7.594916677873907,6,0.9,0.019310144512041123,0.9218903775928226,0.019282165897738648,0.9219136316032975,4.327680369772475e-09,45.69466849009946
32,p,1,15.58109548226019,0,0.1,0.0024426217541117464,0.11661380834360713,0.0024475956277625333,0.11660950331101608,5.130555977291981e-10,49.39208475818249
32,p,1,15.58109548226019,1,0.23333333333333334,0.005699450759594074,0.27209888613508326,0.005738991065678579,0.27211611839639505,1.1971297280347953e-09,49.39208475818249
32,p,1,15.58109548226019,2,0.3666666666666667,0.008956279765076404,0.4275839639265595,0.008989696065981803,0.427549545312448,1.881203858340393e-09,49.39208475818249
32,p,1,15.58109548226019,3,0.5,0.012213108770558732,0.5830690417180356,0.01225799954097926,0.5831504885654168,2.56527798864599e-09,49.39208475818249
32,p,1,15.58109548226019,4,0.6333333333333333,0.015469937776041059,0.7385541195095117,0.015421430300058488,0.738509734726726,3.249352118951587e-09,49.39208475818249
32,p,1,15.58109548226019,5,0.7666666666666666,0.01872676678152339,0.8940391973009879,0.0187935559983394,0.8940296301016531,3.933426249257185e-09,49.39208475818249
32,p,1,15.58109548226019,6,0.9,0.02198359578700572,1.0495242750924643,0.022053786856609046,1.0495021483068696,4.617500379562782e-09,49.39208475818249
33,p,1,6.200739254692776,0,0.1,0.00512303365915525,0.24458001500270266,0.005135945100321385,0.24465825090378615,8.909723487710985e-10,67.76650863973722
33,p,1,6.200739254692776,1,0.23333333333333334,0.011953745204695582,0.5706867016729729,0.011935656680823373,0.5706396455681766,2.0789354804658962e-09,67.76650863973722
33,p,1,6.200739254692776,2,0.3666666666666667,0.018784456750235917,0.8967933883432432,0.0187620285398345,0.8968160050407753,3.2668986121606948e-09,67.76650863973722
33,p,1,6.200739254692776,3,0.5,0.025615168295776248,1.2229000750135133,0.025536880342167223,1.2229319485586458,4.454861743855492e-09,67.76650863973722
33,p,1,6.200739254692776,4,0.6333333333333333,0.03244587984131658,1.5490067616837835,0.032418941275435695,1.5490641523168203,5.64282487555029e-09,67.76650863973722
33,p,1,6.200739254692776,5,0.7666666666666666,0.03927659138685691,1.8751134483540532,0.039156878371611886,1.875074120065298,6.830788007245087e-09,67.76650863973722
33,p,1,6.200739254692776,6,0.9,0.046107302932397246,2.201220135024324,0.04602297952483554,2.2011788235510057,8.018751138939887e-09,67.76650863973722
34,p,1,14.563830507176887,0,0.1,0.004015571037188754,0.19170836849078782,0.0040029021587413526,0.19170040924721882,7.223598481911112e-10,62.45745250671372
34,p,1,14.563830507176887,1,0.23333333333333334,0.009369665753440427,0.4473195264785049,0.009379835165471424,0.44726909967640777,1.6855063124459263e-09,62.45745250671372
34,p,1,14.563830507176887,2,0.3666666666666667,0.014723760469692098,0.7029306844662221,0.014759102951737052,0.7029638177647414,2.6486527767007417e-09,62.45745250671372
34,p,1,14.563830507176887,3,0.5,0.020077855185943773,0.9585418424539391,0.02009710708282658,0.9585696691260767,3.6117992409555568e-09,62.45745250671372
34,p,1,14.563830507176887,4,0.6333333333333333,0.025431949902195442,1.2141530004416563,0.025446770802235875,1.214254754106793,4.5749457052103715e-09,62.45745250671372
34,p,1,14.563830507176887,5,0.7666666666666666,0.030786044618447115,1.4697641584293732,0.03078168990989449,1.4697488042684566,5.538092169465186e-09,62.45745250671372
34,p,1,14.563830507176887,6,0.9,0.03614013933469879,1.7253753164170906,0.036102462955680925,1.7253237032835618,6.5012386337200025e-09,62.45745250671372
35,p,1,10.108861933872864,0,0.1,0.0029842162183664695,0.14247020340282743,0.00295852766637796,0.14242576353716588,5.827878876654856e-10,54.940847926574264
35,p,1,10.108861933872864,1,0.23333333333333334,0.006963171176188428,0.3324304746065973,0.006959637157105824,0.3324471893630222,1.3598384045527994e-09,54.940847926574264
35,p,1,10.108861933872864,2,0.3666666666666667,0.010942126134010388,0.5223907458103672,0.010944683236937995,0.5223524690464957,2.1368889214401134e-09,54.940847926574264
35,p,1,10.108861933872864,3,0.5,0.014921081091832345,0.7123510170141371,0.014966090320033343,0.7123879876477521,2.913939438327427e-09,54.940847926574264
35,p,1,10.108861933872864,4,0.6333333333333333,0.018900036049654304,0.9023112882179068,0.0188920536342832,0.9022786424106736,3.6909899552147413e-09,54.940847926574264
35,p,1,10.108861933872864,5,0.7666666666666666,0.02287899100747626,1.0922715594216768,0.02290641240351775,1.092280958101051,4.4680404721020546e-09,54.940847926574264
35,p,1,10.108861933872864,6,0.9,0.02685794596529822,1.2822318306254468,0.02678553960232747,1.2822284316126475,5.245090988989369e-09,54.940847926574264
36,p,1,9.170331599012208,0,0.1,0.00452216810111317,0.21589394401858736,0.004531660270755042,0.21582120289432447,7.973810405184183e-10,65.15167328494462
36,p,1,9.170331599012208,1,0.23333333333333334,0.010551725569264061,0.5037525360433704,0.01061853487426467,0.5038149335426234,1.8605557612096424e-09,65.15167328494462
36,p,1,9.170331599012208,2,0.3666666666666667,0.016581283037414955,0.7916111280681537,0.016568657170699806,0.7916293007850457,2.923730481900867e-09,65.15167328494462
36,p,1,9.170331599012208,3,0.5,0.022610840505565846,1.0794697200929368,0.02249034440727585,1.0794119027099236,3.986905202592091e-09,65.15167328494462
36,p,1,9.170331599012208,4,0.6333333333333333,0.02864039797371674,1.36732831211772,0.028625709027709133,1.3672747054666488,5.050079923283316e-09,65.15167328494462
36,p,1,9.170331599012208,5,0.7666666666666666,0.03466995544186763,1.655186904142503,0.03470567526599916,1.6552867689690403,6.113254643974539e-09,65.15167328494462
36,p,1,9.170331599012208,6,0.9,0.040699512910018526,1.9430454961672863,0.04064068217404706,1.943003622997082,7.176429364665764e-09,65.15167328494462
37,p,1,14.81153614223535,0,0.1,0.010284658260114146,0.4910024096876931,0.01022353954448715,0.49101486149380846,1.6739744296476192e-09,78.49075583527846
37,p,1,14.81153614223535,1,0.23333333333333334,0.02399753594026634,1.1456722892712838,0.024088600882806996,1.145589701313875,3.9059403358444445e-09,78.49075583527846
37,p,1,14.81153614223535,2,0.3666666666666667,0.037710413620418534,1.8003421688548749,0.03764636016007624,1.800320988524552,6.13790624204127e-09,78.49075583527846
37,p,1,14.81153614223535,3,0.5,0.051423291300570724,2.4550120484384657,0.051397261879927957,2.4550526785028532,8.369872148238095e-09,78.49075583527846
37,p,1,14.81153614223535,4,0.6333333333333333,0.06513616898072291,3.1096819280220562,0.06514825196671395,3.109593179919074,1.060183805443492e-08,78.49075583527846
37,p,1,14.81153614223535,5,0.7666666666666666,0.07884904666087511,3.764351807605647,0.07887481718102016,3.764322930661279,1.2833803960631746e-08,78.49075583527846
37,p,1,14.81153614223535,6,0.9,0.09256192434102732,4.419021687189239,0.09262564670187438,4.418990307812417,1.5065769866828574e-08,78.49075583527846
38,p,1,17.03089680478586,0,0.1,0.00854850752838131,0.40811640887929934,0.008586653852498157,0.4081388138474962,1.403045053487996e-09,76.23508336099442
38,p,1,17.03089680478586,1,0.23333333333333334,0.019946517566223055,0.952271620718365,0.019862237700353814,0.9522985224403614,3.27377179147199e-09,76.23508336099442
38,p,1,17.03089680478586,2,0.3666666666666667,0.0313445276040648,1.4964268325574308,0.031292812201481085,1.4964385963630102,5.144498529455985e-09,76.23508336099442
38,p,1,17.03089680478586,3,0.5,0.042742537641906546,2.040582044396497,0.042671350920136596,2.040604360503874,7.015225267439979e-09,76.23508336099442
38,p,1,17.03089680478586,4,0.6333333333333333,0.05414054767974828,2.584737256235562,0.05410021773453291,2.584673124503049,8.885952005423973e-09,76.23508336099442
38,p,1,17.03089680478586,5,0.7666666666666666,0.06553855771759003,3.128892468074628,0.06557424872441414,3.1289045503007116,1.0756678743407967e-08,76.23508336099442
38,p,1,17.03089680478586,6,0.9,0.07693656775543178,3.673047679913694,0.07690586891536214,3.673120238856145,1.2627405481391963e-08,76.23508336099442
39,p,1,17.871879569372346,0,0.1,0.0012200572911721047,0.05824705641856633,0.0012335029635560347,0.058216073121859904,3.8630911315730244e-10,30.225006246982957
39,p,1,17.871879569372346,1,0.23333333333333334,0.0028468003460682444,0.1359097983099881,0.002870357160738241,0.13588312569262986,9.013879307003724e-10,30.225006246982957
39,p,1,17.871879569372346,2,0.3666666666666667,0.004473543400964385,0.2135725402014099,0.004452961484853574,0.21364067233340006,1.4164667482434424e-09,30.225006246982957
39,p,1,17.871879569372346,3,0.5,0.006100286455860525,0.29123528209283167,0.006048257153234903,0.2911146430762852,1.9315455657865123e-09,30.225006246982957
39,p,1,17.871879569372346,4,0.6333333333333333,0.007727029510756663,0.3688980239842534,0.007807576360507258,0.36902549038188376,2.4466243833295823e-09,30.225006246982957
39,p,1,17.871879569372346,5,0.7666666666666666,0.009353772565652802,0.44656076587567517,0.009333509102380335,0.44646392397364415,2.961703200872652e-09,30.225006246982957
39,p,1,17.871879569372346,6,0.9,0.010980515620548944,0.524223507767097,0.010964991421739146,0.524209196619605,3.4767820184157224e-09,30.225006246982957
40,p,1,18.298363432578036,0,0.1,0.0017189237021714323,0.08206356093606328,0.0017479017592952563,0.08208978630482758,4.3181000989451087e-10,39.379684096974565
40,p,1,18.298363432578036,1,0.23333333333333334,0.004010821971733342,0.19148164218414765,0.0039361016907423765,0.1915166020207324,1.0075566897538587e-09,39.379684096974565
40,p,1,18.298363432578036,2,0.3666666666666667,0.006302720241295252,0.30089972343223204,0.006405354490392547,0.3009083214488539,1.5833033696132066e-09,39.379684096974565
40,p,1,18.298363432578036,3,0.5,0.00859461851085716,0.4103178046803164,0.008577752252753736,0.41031070451959606,2.1590500494725544e-09,39.379684096974565
40,p,1,18.298363432578036,4,0.6333333333333333,0.01088651678041907,0.5197358859284007,0.010917279618767498,0.5196493523481254,2.7347967293319017e-09,39.379684096974565
40,p,1,18.298363432578036,5,0.7666666666666666,0.013178415049980978,0.6291539671764851,0.013186634585129843,0.629134443979012,3.3105434091912495e-09,39.379684096974565
40,p,1,18.298363432578036,6,0.9,0.015470313319542892,0.7385720484245696,0.015562704570190693,0.7385633397878794,3.886290089050598e-09,39.379684096974565
41,p,1,10.480676947987002,0,0.1,0.0013786636921677186,0.06581912377473287,0.0014080266505078582,0.06583509378792243,4.0067912808437554e-10,33.35833344238834
41,p,1,10.480676947987002,1,0.23333333333333334,0.0032168819483913433,0.1535779554743767,0.0031734295859981044,0.15358682528010853,9.349179655302096e-10,33.35833344238834
41,p,1,10.480676947987002,2,0.3666666666666667,0.005055100204614968,0.24133678717402052,0.005115726146456548,0.2413205975888062,1.4691568029760436e-09,33.35833344238834
41,p,1,10.480676947987002,3,0.5,0.006893318460838593,0.32909561887366434,0.006808720328380104,0.32909474073234046,2.0033956404218774e-09,33.35833344238834
41,p,1,10.480676947987002,4,0.6333333333333333,0.008731536717062218,0.41685445057330817,0.008686415562322592,0.416837333526375,2.5376344778677118e-09,33.35833344238834
41,p,1,10.480676947987002,5,0.7666666666666666,0.01056975497328584,0.5046132822729519,0.010565675584801584,0.5045279996621511,3.071873315313545e-09,33.35833344238834
41,p,1,10.480676947987002,6,0.9,0.012407973229509466,0.5923721139725958,0.012327190312543432,0.5923962173143721,3.6061121527593793e-09,33.35833344238834
42,p,1,12.943130829276086,0,0.1,0.0049614239048425286,0.2368645638141766,0.005000666106672935,0.2368781823019403,8.594374934320579e-10,67.11589747089883
42,p,1,12.943130829276086,1,0.23333333333333334,0.0115766557779659,0.5526839822330787,0.011540962036764076,0.5526181407225258,2.0053541513414686e-09,67.11589747089883
42,p,1,12.943130829276086,2,0.3666666666666667,0.018191887651089273,0.8685034006519808,0.01823367804590499,0.8685208681831088,3.151270809250879e-09,67.11589747089883
42,p,1,12.943130829276086,3,0.5,0.024807119524212645,1.184322819070883,0.02492624963834685,1.1843438285008192,4.29718746716029e-09,67.11589747089883
42,p,1,12.943130829276086,4,0.6333333333333333,0.03142235139733602,1.500142237489785,0.03144173655439912,1.5001338910932795,5.4431041250697e-09,67.11589747089883
42,p,1,12.943130829276086,5,0.7666666666666666,0.038037583270459384,1.8159616559086869,0.03807842206381942,1.8159929101687493,6.58902078297911e-09,67.11589747089883
42,p,1,12.943130829276086,6,0.9,0.04465281514358276,2.1317810743275896,0.04471540139401102,2.1317550081816576,7.734937440888521e-09,67.11589747089883
43,p,1,17.21957664676824,0,0.1,0.007885792129504346,0.3764775493706977,0.007864021755857148,0.37645359421215213,1.300633265886983e-09,75.1276984609616
43,p,1,17.21957664676824,1,0.23333333333333334,0.01840018163551014,0.8784476151982946,0.01843972172156909,0.8785225339203094,3.0348109537362934e-09,75.1276984609616
43,p,1,17.21957664676824,2,0.3666666666666667,0.028914571141515934,1.3804176810258917,0.02889162911685847,1.380396442339502,4.7689886415856046e-09,75.1276984609616
43,p,1,17.21957664676824,3,0.5,0.03942896064752172,1.8823877468534884,0.03944466450871521,1.8823754587784878,6.503166329434914e-09,75.1276984609616
43,p,1,17.21957664676824,4,0.6333333333333333,0.049943350153527515,2.384357812681085,0.04999095283618451,2.384245223816554,8.237344017284225e-09,75.1276984609616
43,p,1,17.21957664676824,5,0.7666666666666666,0.060457739659533306,2.8863278785086823,0.060416404407187464,2.8862887576919842,9.971521705133534e-09,75.1276984609616
43,p,1,17.21957664676824,6,0.9,0.0709721291655391,3.3882979443362795,0.0708561113649198,3.3882497624140613,1.1705699392982846e-08,75.1276984609616
44,p,1,11.826767636176434,0,0.1,0.0030819788189236966,0.1471375118575082,0.0031376271135067097,0.14712525882494867,5.949622472449793e-10,55.80439006285562
44,p,1,11.826767636176434,1,0.23333333333333334,0.007191283910821958,0.34332086100085246,0.007139743224808401,0.3433180132737918,1.3882452435716182e-09,55.80439006285562
44,p,1,11.826767636176434,2,0.3666666666666667,0.011300589002720221,0.5395042101441968,0.011353047683792288,0.5394554122033911,2.1815282398982572e-09,55.80439006285562
44,p,1,11.826767636176434,3,0.5,0.015409894094618485,0.7356875592875411,0.015364365350422413,0.7357154867355049,2.9748112362248967e-09,55.80439006285562
44,p,1,11.826767636176434,4,0.6333333333333333,0.019519199186516747,0.9318709084308854,0.019508122380730207,0.9319032826654209,3.768094232551535e-09,55.80439006285562
44,p,1,11.826767636176434,5,0.7666666666666666,0.023628504278415008,1.1280542575742296,0.023627821938825243,1.1280893407566341,4.561377228878174e-09,55.80439006285562
44,p,1,11.826767636176434,6,0.9,0.02773780937031327,1.3242376067175738,0.027686055464611236,1.3242370024850345,5.354660225204813e-09,55.80439006285562
45,p,1,12.622510337193127,0,0.1,0.002933214505898087,0.140035318053521,0.0028550406085046526,0.14006960550528474,5.75250177256013e-10,54.4751003253604
45,p,1,12.622510337193127,1,0.23333333333333334,0.006844167180428869,0.3267490754582157,0.00682661956131797,0.3266979614441333,1.3422504135973638e-09,54.4751003253604
45,p,1,12.622510337193127,2,0.3666666666666667,0.01075511985495965,0.5134628328629104,0.010750310908113484,0.5135192338057779,2.1092506499387143e-09,54.4751003253604
45,p,1,12.622510337193127,3,0.5,0.014666072529490433,0.7001765902676049,0.014552035637221837,0.7001017583331097,2.876250886280065e-09,54.4751003253604
45,p,1,12.622510337193127,4,0.6333333333333333,0.018577025204021214,0.8868903476722996,0.01853088088192645,0.8869634066156356,3.6432511226214154e-09,54.4751003253604
45,p,1,12.622510337193127,5,0.7666666666666666,0.022487977878551998,1.0736041050769942,0.02250210722769796,1.0736424709390173,4.410251358962766e-09,54.4751003253604
45,p,1,12.622510337193127,6,0.9,0.026398930553082782,1.260317862481689,0.02634192250712647,1.2602618856879255,5.177251595304118e-09,54.4751003253604
46,p,1,15.673370623951667,0,0.1,0.0016082283014862205,0.07677882447684907,0.001635665242429427,0.07676944092730265,4.210376939063468e-10,37.52270057787371
46,p,1,15.673370623951667,1,0.23333333333333334,0.0037525327034678476,0.17915059044598117,0.003766439889790579,0.17915849640022644,9.824212857814758e-10,37.52270057787371
46,p,1,15.673370623951667,2,0.3666666666666667,0.005896837105449475,0.28152235641511325,0.005935725474903722,0.2815627068292105,1.543804877656605e-09,37.52270057787371
46,p,1,15.673370623951667,3,0.5,0.008041141507431102,0.38389412238424536,0.007960147907711514,0.3837817589564783,2.105188469531734e-09,37.52270057787371
46,p,1,15.673370623951667,4,0.6333333333333333,0.010185445909412729,0.4862658883533774,0.010235533179295304,0.48632527460804054,2.666572061406863e-09,37.52270057787371
46,p,1,15.673370623951667,5,0.7666666666666666,0.012329750311394355,0.5886376543225095,0.012278719160418687,0.5885446625521822,3.2279556532819916e-09,37.52270057787371
46,p,1,15.673370623951667,6,0.9,0.014474054713375983,0.6910094202916417,0.014479006454426343,0.6910559622029592,3.789339245157121e-09,37.52270057787371
47,p,1,14.28678629640461,0,0.1,0.0016442306637908057,0.07849762214604887,0.001625644828961521,0.07845296561496963,4.247129679283393e-10,38.13717430524788
47,p,1,14.28678629640461,1,0.23333333333333334,0.003836538215511879,0.1831611183407807,0.003837110780095412,0.18314615510558643,9.90996925166125e-10,38.13717430524788
47,p,1,14.28678629640461,2,0.3666666666666667,0.006028845767232953,0.2878246145355125,0.005978092371946513,0.28792705231805565,1.5572808824039107e-09,38.13717430524788
47,p,1,14.28678629640461,3,0.5,0.008221153318954027,0.3924881107302443,0.008310411739057633,0.3925449131644221,2.123564839641696e-09,38.13717430524788
47,p,1,14.28678629640461,4,0.6333333333333333,0.0104134608706751,0.4971516069249761,0.010367418350784644,0.497194357891191,2.6898487968794816e-09,38.13717430524788
47,p,1,14.28678629640461,5,0.7666666666666666,0.012605768422396175,0.601815103119708,0.01263774974287107,0.6018372304009182,3.2561327541172676e-09,38.13717430524788
47,p,1,14.28678629640461,6,0.9,0.01479807597411725,0.7064785993144398,0.014860559237469439,0.7065103678715828,3.822416711355053e-09,38.13717430524788
48,p,1,9.764534515453425,0,0.1,0.0014075083366409398,0.06719620306942002,0.001424547907041045,0.06710702251293431,4.034759075368419e-10,33.905419654018196
48,p,1,9.764534515453425,1,0.23333333333333334,0.0032841861188288596,0.1567911404953134,0.0032883671726993877,0.15676333089737093,9.414437842526312e-10,33.905419654018196
48,p,1,9.764534515453425,2,0.3666666666666667,0.00516086390101678,0.2463860779212068,0.005096871853134779,0.24647016875217181,1.4794116609684206e-09,33.905419654018196
48,p,1,9.764534515453425,3,0.5,0.007037541683204699,0.3359810153471001,0.0071239914502489845,0.3360489763771149,2.0173795376842094e-09,33.905419654018196
48,p,1,9.764534515453425,4,0.6333333333333333,0.008914219465392618,0.4255759527729934,0.008926980136235411,0.42564348402904106,2.5553474143999984e-09,33.905419654018196
48,p,1,9.764534515453425,5,0.7666666666666666,0.010790897247580538,0.5151708901988868,0.01079149990661063,0.5151810300627317,3.0933152911157878e-09,33.905419654018196
48,p,1,9.764534515453425,6,0.9,0.012667575029768459,0.6047658276247803,0.012612901461245359,0.6047856771900052,3.631283167831577e-09,33.905419654018196
49,p,1,12.60939052373065,0,0.1,0.011397576250572692,0.5441345022939346,0.011395016394981862,0.5441305158157417,1.8496478301678149e-09,79.58872379643554
49,p,1,12.60939052373065,1,0.23333333333333334,0.026594344584669614,1.2696471720191806,0.026684222643001847,1.2696918826856063,4.315844937058235e-09,79.58872379643554
49,p,1,12.60939052373065,2,0.3666666666666667,0.04179111291876654,1.995159841744427,0.041791685190721115,1.995172281109917,6.7820420439486545e-09,79.58872379643554
49,p,1,12.60939052373065,3,0.5,0.056987881252863457,2.720672511469673,0.056990091871768664,2.720662365770433,9.248239150839073e-09,79.58872379643554
49,p,1,12.60939052373065,4,0.6333333333333333,0.07218464958696037,3.4461851811949185,0.07213052822709096,3.446177628601038,1.1714436257729492e-08,79.58872379643554
49,p,1,12.60939052373065,5,0.7666666666666666,0.08738141792105729,4.1716978509201645,0.08734411300822466,4.171635335143218,1.4180633364619912e-08,79.58872379643554
49,p,1,12.60939052373065,6,0.9,0.10257818625515422,4.897210520645411,0.1026037473458816,4.897230083878407,1.6646830471510332e-08,79.58872379643554
